sweep,seed,dataset,run_name,grid_id,method,stage,scope,rank,train_head,lr,weight_decay,epochs_completed,final_train_loss,final_train_acc,final_test_loss,final_test_acc,best_train_acc,best_train_acc_epoch,best_test_acc,best_test_acc_epoch,best_test_loss,best_test_loss_epoch,best_minus_final_test_acc,final_generalization_gap,trainable_params,total_params,trainable_pct,training_time_sec,training_time_min,training_time_hr,base_checkpoint,metrics_path
food101_l40s_8q8l2f_multiseed_28650685,21,food101,000_lin_lr1e3_wd0p05,000,Linear frozen-head baseline,linear_base,none,none,head_only,0.001,0.05,30,0.7390134285054978,0.8006468646864686,0.7682330222672755,0.7841188118811881,0.800937293729373,28,0.7880792079207921,12,0.7644929424559715,29,0.003960396039603964,0.01652805280528047,77669,27897797,0.2784054956023947,4394.261214971542,73.23768691619237,1.2206281152698728,,/Users/haseebshafi/Documents/GitHub/Quadratic-Neurons-vs.-ReLU-How-Much-Nonlinearity-Is-Enough/Haseeb_trials/5_test/data_5seed_5/food101_l40s_8q8l2f_multiseed_28650685/seed_21/000_lin_lr1e3_wd0p05/food101/linear_base/metrics.json
food101_l40s_atrous_budget_scaling_28671171,21,food101,000_lin_lr1e3_wd0p05,000,Linear frozen-head baseline,linear_base,none,none,head_only,0.001,0.05,30,0.7390134285054978,0.8006468646864686,0.7682330222672755,0.7841188118811881,0.800937293729373,28,0.7880792079207921,12,0.7644929424559715,29,0.003960396039603964,0.01652805280528047,77669,27897797,0.2784054956023947,5115.216003417969,85.25360005696615,1.4208933342827692,,/Users/haseebshafi/Documents/GitHub/Quadratic-Neurons-vs.-ReLU-How-Much-Nonlinearity-Is-Enough/Haseeb_trials/5_test/data_5seed_5/food101_l40s_atrous_budget_scaling_28671171/seed_21/000_lin_lr1e3_wd0p05/food101/linear_base/metrics.json
food101_l40s_8q8l2f_multiseed_28650685,21,food101,109_q_all_r2_h1_lr1em4_wd0p0_k3d3,109,Quadratic depthwise adapter,quad_dw,all,2,yes,0.0001,0.0,16,0.5884624415923266,0.8383234323432344,0.7046338540941182,0.802930693069307,0.8388778877887789,15,0.802930693069307,16,0.7046338540941182,16,0.0,0.03539273927392739,316133,28136261,1.1235785735709518,4705.268321275711,78.42113868792852,1.307018978132142,outputs/food101_l40s_8q8l2f_multiseed_28650685/seed_21/000_lin_lr1e3_wd0p05/food101/linear_base/model.pt,/Users/haseebshafi/Documents/GitHub/Quadratic-Neurons-vs.-ReLU-How-Much-Nonlinearity-Is-Enough/Haseeb_trials/5_test/data_5seed_5/food101_l40s_8q8l2f_multiseed_28650685/seed_21/109_q_all_r2_h1_lr1em4_wd0p0_k3d3/food101/quad_dw/all_rank_2/quad_k3_d3/metrics.json
food101_l40s_8q8l2f_multiseed_28650685,21,food101,110_q_all_r2_h1_lr3em4_wd0p0_k3d3,110,Quadratic depthwise adapter,quad_dw,all,2,yes,0.0003,0.0,16,0.5093202388388882,0.8587590759075907,0.696315187288983,0.8073663366336634,0.8587590759075907,16,0.8076435643564357,12,0.696315187288983,16,0.0002772277227722775,0.05139273927392729,316133,28136261,1.1235785735709518,4716.726411342621,78.61210685571035,1.3102017809285058,outputs/food101_l40s_8q8l2f_multiseed_28650685/seed_21/000_lin_lr1e3_wd0p05/food101/linear_base/model.pt,/Users/haseebshafi/Documents/GitHub/Quadratic-Neurons-vs.-ReLU-How-Much-Nonlinearity-Is-Enough/Haseeb_trials/5_test/data_5seed_5/food101_l40s_8q8l2f_multiseed_28650685/seed_21/110_q_all_r2_h1_lr3em4_wd0p0_k3d3/food101/quad_dw/all_rank_2/quad_k3_d3/metrics.json
food101_l40s_8q8l2f_multiseed_28650685,21,food101,111_q_all_r2_h1_lr3em5_wd0p0_k3d3,111,Quadratic depthwise adapter,quad_dw,all,2,yes,3e-05,0.0,16,0.6310054025539864,0.8279207920792079,0.7136133069189469,0.8000396039603961,0.8292145214521452,15,0.8000396039603961,15,0.7136133069189469,16,0.0,0.027881188118811795,316133,28136261,1.1235785735709518,4711.521970033646,78.52536616722743,1.3087561027871237,outputs/food101_l40s_8q8l2f_multiseed_28650685/seed_21/000_lin_lr1e3_wd0p05/food101/linear_base/model.pt,/Users/haseebshafi/Documents/GitHub/Quadratic-Neurons-vs.-ReLU-How-Much-Nonlinearity-Is-Enough/Haseeb_trials/5_test/data_5seed_5/food101_l40s_8q8l2f_multiseed_28650685/seed_21/111_q_all_r2_h1_lr3em5_wd0p0_k3d3/food101/quad_dw/all_rank_2/quad_k3_d3/metrics.json
food101_l40s_8q8l2f_multiseed_28650685,21,food101,112_q_all_r1_h1_lr1em4_wd0p0_k3d3,112,Quadratic depthwise adapter,quad_dw,all,1,yes,0.0001,0.0,16,0.5906094440265064,0.838957095709571,0.7050256300657103,0.8033663366336634,0.838957095709571,16,0.8033663366336634,16,0.7050256300657103,16,0.0,0.035590759075907585,196901,28017029,0.7027904350600487,3287.145007133484,54.7857501188914,0.9130958353148566,outputs/food101_l40s_8q8l2f_multiseed_28650685/seed_21/000_lin_lr1e3_wd0p05/food101/linear_base/model.pt,/Users/haseebshafi/Documents/GitHub/Quadratic-Neurons-vs.-ReLU-How-Much-Nonlinearity-Is-Enough/Haseeb_trials/5_test/data_5seed_5/food101_l40s_8q8l2f_multiseed_28650685/seed_21/112_q_all_r1_h1_lr1em4_wd0p0_k3d3/food101/quad_dw/all_rank_1/quad_k3_d3/metrics.json
food101_l40s_8q8l2f_multiseed_28650685,21,food101,113_q_all_r2_h1_lr1em4_wd0p05_k3d3,113,Quadratic depthwise adapter,quad_dw,all,2,yes,0.0001,0.05,16,0.5923884778321773,0.8378613861386138,0.7000007158930939,0.802970297029703,0.8385874587458746,15,0.8034851485148515,15,0.7000007158930939,16,0.0005148514851485153,0.03489108910891081,316133,28136261,1.1235785735709518,4706.3842215538025,78.4397370258967,1.307328950431612,outputs/food101_l40s_8q8l2f_multiseed_28650685/seed_21/000_lin_lr1e3_wd0p05/food101/linear_base/model.pt,/Users/haseebshafi/Documents/GitHub/Quadratic-Neurons-vs.-ReLU-How-Much-Nonlinearity-Is-Enough/Haseeb_trials/5_test/data_5seed_5/food101_l40s_8q8l2f_multiseed_28650685/seed_21/113_q_all_r2_h1_lr1em4_wd0p05_k3d3/food101/quad_dw/all_rank_2/quad_k3_d3/metrics.json
food101_l40s_8q8l2f_multiseed_28650685,21,food101,114_q_all_r2_h1_lr1em4_wd0p0_k3d3_a0p5,114,Quadratic depthwise adapter,quad_dw,all,2,yes,0.0001,0.0,16,0.5994858100060189,0.8356699669966997,0.7075846969939694,0.8018613861386139,0.8362904290429043,15,0.8024554455445545,13,0.7075846969939694,16,0.0005940594059405946,0.0338085808580858,316133,28136261,1.1235785735709518,4780.733952760696,79.67889921267827,1.3279816535446378,outputs/food101_l40s_8q8l2f_multiseed_28650685/seed_21/000_lin_lr1e3_wd0p05/food101/linear_base/model.pt,/Users/haseebshafi/Documents/GitHub/Quadratic-Neurons-vs.-ReLU-How-Much-Nonlinearity-Is-Enough/Haseeb_trials/5_test/data_5seed_5/food101_l40s_8q8l2f_multiseed_28650685/seed_21/114_q_all_r2_h1_lr1em4_wd0p0_k3d3_a0p5/food101/quad_dw/all_rank_2/alpha_0p5/quad_k3_d3/metrics.json
food101_l40s_8q8l2f_multiseed_28650685,21,food101,115_q_all_r2_h1_lr1em4_wd0p0_k3d3_a2p0,115,Quadratic depthwise adapter,quad_dw,all,2,yes,0.0001,0.0,16,0.5749355700149787,0.8422046204620462,0.7008258784690706,0.8047920792079208,0.8422046204620462,16,0.8047920792079208,16,0.7008258784690706,16,0.0,0.03741254125412541,316133,28136261,1.1235785735709518,4714.606884241104,78.5767814040184,1.3096130234003067,outputs/food101_l40s_8q8l2f_multiseed_28650685/seed_21/000_lin_lr1e3_wd0p05/food101/linear_base/model.pt,/Users/haseebshafi/Documents/GitHub/Quadratic-Neurons-vs.-ReLU-How-Much-Nonlinearity-Is-Enough/Haseeb_trials/5_test/data_5seed_5/food101_l40s_8q8l2f_multiseed_28650685/seed_21/115_q_all_r2_h1_lr1em4_wd0p0_k3d3_a2p0/food101/quad_dw/all_rank_2/alpha_2p0/quad_k3_d3/metrics.json
food101_l40s_8q8l2f_multiseed_28650685,21,food101,116_q_ls_r2_h1_lr1em4_wd0p0_k3d3,116,Quadratic depthwise adapter,quad_dw,last_stage,2,yes,0.0001,0.0,16,0.6405787568831994,0.8261518151815181,0.7476297496073316,0.7925148514851486,0.8263498349834983,15,0.7931089108910891,9,0.7442993529220618,6,0.0005940594059405946,0.03363696369636959,160613,27980741,0.5740126753612422,2340.432697057724,39.007211617628734,0.6501201936271456,outputs/food101_l40s_8q8l2f_multiseed_28650685/seed_21/000_lin_lr1e3_wd0p05/food101/linear_base/model.pt,/Users/haseebshafi/Documents/GitHub/Quadratic-Neurons-vs.-ReLU-How-Much-Nonlinearity-Is-Enough/Haseeb_trials/5_test/data_5seed_5/food101_l40s_8q8l2f_multiseed_28650685/seed_21/116_q_ls_r2_h1_lr1em4_wd0p0_k3d3/food101/quad_dw/last_stage_rank_2/quad_k3_d3/metrics.json
food101_l40s_atrous_budget_scaling_28671171,21,food101,117_q_all_r4_h1_lr1em4_wd0p0_k3d3,117,Quadratic depthwise adapter,quad_dw,all,4,yes,0.0001,0.0,16,0.5896203588038781,0.8397227722772277,0.7039045824060346,0.8032079207920793,0.8398679867986799,15,0.8034851485148515,14,0.7039045824060346,16,0.0002772277227722775,0.036514851485148436,554597,28374725,1.9545458149814667,5406.018513202667,90.10030855337779,1.501671809222963,outputs/food101_l40s_atrous_budget_scaling_28671171/seed_21/000_lin_lr1e3_wd0p05/food101/linear_base/model.pt,/Users/haseebshafi/Documents/GitHub/Quadratic-Neurons-vs.-ReLU-How-Much-Nonlinearity-Is-Enough/Haseeb_trials/5_test/data_5seed_5/food101_l40s_atrous_budget_scaling_28671171/seed_21/117_q_all_r4_h1_lr1em4_wd0p0_k3d3/food101/quad_dw/all_rank_4/quad_k3_d3/metrics.json
food101_l40s_atrous_budget_scaling_28671171,21,food101,118_q_all_r4_h1_lr3em4_wd0p0_k3d3,118,Quadratic depthwise adapter,quad_dw,all,4,yes,0.0003,0.0,16,0.5090181266915287,0.858943894389439,0.6957655344811997,0.8092277227722773,0.858943894389439,16,0.8092277227722773,16,0.6957655344811997,16,0.0,0.049716171617161686,554597,28374725,1.9545458149814667,5404.199753046036,90.06999588410059,1.5011665980683433,outputs/food101_l40s_atrous_budget_scaling_28671171/seed_21/000_lin_lr1e3_wd0p05/food101/linear_base/model.pt,/Users/haseebshafi/Documents/GitHub/Quadratic-Neurons-vs.-ReLU-How-Much-Nonlinearity-Is-Enough/Haseeb_trials/5_test/data_5seed_5/food101_l40s_atrous_budget_scaling_28671171/seed_21/118_q_all_r4_h1_lr3em4_wd0p0_k3d3/food101/quad_dw/all_rank_4/quad_k3_d3/metrics.json
food101_l40s_atrous_budget_scaling_28671171,21,food101,119_q_all_r8_h1_lr1em4_wd0p0_k3d3,119,Quadratic depthwise adapter,quad_dw,all,8,yes,0.0001,0.0,16,0.5904293902683573,0.8383498349834984,0.7045612864730382,0.8037623762376238,0.8385214521452146,15,0.8037623762376238,16,0.7045612864730382,16,0.0,0.034587458745874544,1031525,28851653,3.5752717530603877,13447.69393157959,224.12823219299315,3.735470536549886,outputs/food101_l40s_atrous_budget_scaling_28671171/seed_21/000_lin_lr1e3_wd0p05/food101/linear_base/model.pt,/Users/haseebshafi/Documents/GitHub/Quadratic-Neurons-vs.-ReLU-How-Much-Nonlinearity-Is-Enough/Haseeb_trials/5_test/data_5seed_5/food101_l40s_atrous_budget_scaling_28671171/seed_21/119_q_all_r8_h1_lr1em4_wd0p0_k3d3/food101/quad_dw/all_rank_8/quad_k3_d3/metrics.json
food101_l40s_atrous_budget_scaling_28671171,21,food101,120_q_all_r8_h1_lr3em4_wd0p0_k3d3,120,Quadratic depthwise adapter,quad_dw,all,8,yes,0.0003,0.0,16,0.5089886729134978,0.8595379537953796,0.6974326247531589,0.8081980198019802,0.8595379537953796,16,0.8091485148514852,15,0.6964119743828726,13,0.0009504950495049513,0.05133993399339931,1031525,28851653,3.5752717530603877,13467.682951450348,224.46138252417248,3.741023042069541,outputs/food101_l40s_atrous_budget_scaling_28671171/seed_21/000_lin_lr1e3_wd0p05/food101/linear_base/model.pt,/Users/haseebshafi/Documents/GitHub/Quadratic-Neurons-vs.-ReLU-How-Much-Nonlinearity-Is-Enough/Haseeb_trials/5_test/data_5seed_5/food101_l40s_atrous_budget_scaling_28671171/seed_21/120_q_all_r8_h1_lr3em4_wd0p0_k3d3/food101/quad_dw/all_rank_8/quad_k3_d3/metrics.json
food101_l40s_8q8l2f_multiseed_28650685,21,food101,209_l_all_r2_h1_lr1em4_wd0p0,209,LoRA depthwise adapter,lora_dw,all,2,yes,0.0001,0.0,16,0.4857949350879531,0.8684356435643564,0.6755781034549864,0.8132673267326732,0.8684356435643564,16,0.8146534653465346,15,0.6740616163924189,15,0.0013861386138613874,0.05516831683168322,740069,28560197,2.59126013731628,5371.499664068222,89.52499440113704,1.4920832400189505,outputs/food101_l40s_8q8l2f_multiseed_28650685/seed_21/000_lin_lr1e3_wd0p05/food101/linear_base/model.pt,/Users/haseebshafi/Documents/GitHub/Quadratic-Neurons-vs.-ReLU-How-Much-Nonlinearity-Is-Enough/Haseeb_trials/5_test/data_5seed_5/food101_l40s_8q8l2f_multiseed_28650685/seed_21/209_l_all_r2_h1_lr1em4_wd0p0/food101/lora_dw/all_rank_2/metrics.json
food101_l40s_8q8l2f_multiseed_28650685,21,food101,210_l_all_r2_h1_lr3em4_wd0p0,210,LoRA depthwise adapter,lora_dw,all,2,yes,0.0003,0.0,16,0.28952983400609233,0.9240660066006601,0.7240494504045732,0.807960396039604,0.9240660066006601,16,0.8143762376237623,7,0.6742084758446948,6,0.0064158415841583105,0.11610561056105606,740069,28560197,2.59126013731628,5384.803891181946,89.7467315196991,1.4957788586616516,outputs/food101_l40s_8q8l2f_multiseed_28650685/seed_21/000_lin_lr1e3_wd0p05/food101/linear_base/model.pt,/Users/haseebshafi/Documents/GitHub/Quadratic-Neurons-vs.-ReLU-How-Much-Nonlinearity-Is-Enough/Haseeb_trials/5_test/data_5seed_5/food101_l40s_8q8l2f_multiseed_28650685/seed_21/210_l_all_r2_h1_lr3em4_wd0p0/food101/lora_dw/all_rank_2/metrics.json
food101_l40s_8q8l2f_multiseed_28650685,21,food101,211_l_all_r1_h1_lr1em4_wd0p0,211,LoRA depthwise adapter,lora_dw,all,1,yes,0.0001,0.0,16,0.5229418498077015,0.8577425742574257,0.6765626574931759,0.8120792079207921,0.8577425742574257,16,0.8120792079207921,16,0.6765626574931759,16,0.0,0.04566336633663359,408869,28228997,1.4484007348897305,3657.528327226639,60.958805453777316,1.0159800908962886,outputs/food101_l40s_8q8l2f_multiseed_28650685/seed_21/000_lin_lr1e3_wd0p05/food101/linear_base/model.pt,/Users/haseebshafi/Documents/GitHub/Quadratic-Neurons-vs.-ReLU-How-Much-Nonlinearity-Is-Enough/Haseeb_trials/5_test/data_5seed_5/food101_l40s_8q8l2f_multiseed_28650685/seed_21/211_l_all_r1_h1_lr1em4_wd0p0/food101/lora_dw/all_rank_1/metrics.json
food101_l40s_8q8l2f_multiseed_28650685,21,food101,212_l_all_r2_h1_lr1em4_wd0p05,212,LoRA depthwise adapter,lora_dw,all,2,yes,0.0001,0.05,16,0.49101208427322185,0.8673531353135313,0.6693212504788201,0.8138217821782178,0.8673531353135313,16,0.8149702970297029,15,0.6683570261025192,15,0.0011485148514851495,0.05353135313531354,740069,28560197,2.59126013731628,5379.888404369354,89.66480673948924,1.494413445658154,outputs/food101_l40s_8q8l2f_multiseed_28650685/seed_21/000_lin_lr1e3_wd0p05/food101/linear_base/model.pt,/Users/haseebshafi/Documents/GitHub/Quadratic-Neurons-vs.-ReLU-How-Much-Nonlinearity-Is-Enough/Haseeb_trials/5_test/data_5seed_5/food101_l40s_8q8l2f_multiseed_28650685/seed_21/212_l_all_r2_h1_lr1em4_wd0p05/food101/lora_dw/all_rank_2/metrics.json
food101_l40s_8q8l2f_multiseed_28650685,21,food101,213_l_ls_r2_h1_lr1em4_wd0p0,213,LoRA depthwise adapter,lora_dw,last_stage,2,yes,0.0001,0.0,16,0.5967167816508328,0.8362508250825083,0.7451600597164418,0.7953663366336634,0.8362508250825083,16,0.7960792079207921,15,0.7434277777246909,12,0.0007128712871287135,0.04088448844884485,308069,28128197,1.0952319482119668,2350.240416765213,39.17067361275355,0.6528445602125592,outputs/food101_l40s_8q8l2f_multiseed_28650685/seed_21/000_lin_lr1e3_wd0p05/food101/linear_base/model.pt,/Users/haseebshafi/Documents/GitHub/Quadratic-Neurons-vs.-ReLU-How-Much-Nonlinearity-Is-Enough/Haseeb_trials/5_test/data_5seed_5/food101_l40s_8q8l2f_multiseed_28650685/seed_21/213_l_ls_r2_h1_lr1em4_wd0p0/food101/lora_dw/last_stage_rank_2/metrics.json
food101_l40s_atrous_budget_scaling_28671171,21,food101,214_l_all_r4_h1_lr1em4_wd0p0,214,LoRA depthwise adapter,lora_dw,all,4,yes,0.0001,0.0,16,0.4373738332502913,0.880990099009901,0.6766082954949671,0.8141386138613861,0.880990099009901,16,0.8145742574257425,15,0.6724889832935711,10,0.00043564356435643603,0.06685148514851491,1402469,29222597,4.799262023152836,6047.838692188263,100.79731153647104,1.6799551922745175,outputs/food101_l40s_atrous_budget_scaling_28671171/seed_21/000_lin_lr1e3_wd0p05/food101/linear_base/model.pt,/Users/haseebshafi/Documents/GitHub/Quadratic-Neurons-vs.-ReLU-How-Much-Nonlinearity-Is-Enough/Haseeb_trials/5_test/data_5seed_5/food101_l40s_atrous_budget_scaling_28671171/seed_21/214_l_all_r4_h1_lr1em4_wd0p0/food101/lora_dw/all_rank_4/metrics.json
food101_l40s_atrous_budget_scaling_28671171,21,food101,215_l_all_r4_h1_lr3em4_wd0p0,215,LoRA depthwise adapter,lora_dw,all,4,yes,0.0003,0.0,16,0.23644981799109935,0.9390363036303631,0.7473905385225126,0.8066138613861387,0.9390363036303631,16,0.8141386138613861,5,0.6720832030159412,5,0.00752475247524742,0.1324224422442244,1402469,29222597,4.799262023152836,6034.688104629517,100.5781350771586,1.6763022512859769,outputs/food101_l40s_atrous_budget_scaling_28671171/seed_21/000_lin_lr1e3_wd0p05/food101/linear_base/model.pt,/Users/haseebshafi/Documents/GitHub/Quadratic-Neurons-vs.-ReLU-How-Much-Nonlinearity-Is-Enough/Haseeb_trials/5_test/data_5seed_5/food101_l40s_atrous_budget_scaling_28671171/seed_21/215_l_all_r4_h1_lr3em4_wd0p0/food101/lora_dw/all_rank_4/metrics.json
food101_l40s_atrous_budget_scaling_28671171,21,food101,216_l_all_r8_h1_lr1em4_wd0p0,216,LoRA depthwise adapter,lora_dw,all,8,yes,0.0001,0.0,16,0.38401779130425784,0.8968580858085808,0.6855339300868535,0.8127524752475247,0.8968580858085808,16,0.8141386138613861,12,0.672781429248281,9,0.0013861386138613874,0.08410561056105614,2727269,30547397,8.927991475018313,8475.85739850998,141.26428997516632,2.3544048329194385,outputs/food101_l40s_atrous_budget_scaling_28671171/seed_21/000_lin_lr1e3_wd0p05/food101/linear_base/model.pt,/Users/haseebshafi/Documents/GitHub/Quadratic-Neurons-vs.-ReLU-How-Much-Nonlinearity-Is-Enough/Haseeb_trials/5_test/data_5seed_5/food101_l40s_atrous_budget_scaling_28671171/seed_21/216_l_all_r8_h1_lr1em4_wd0p0/food101/lora_dw/all_rank_8/metrics.json
food101_l40s_atrous_budget_scaling_28671171,21,food101,217_l_all_r8_h1_lr3em4_wd0p0,217,LoRA depthwise adapter,lora_dw,all,8,yes,0.0003,0.0,16,0.20271701829425573,0.9488316831683168,0.7667705074725765,0.8040396039603961,0.9488316831683168,16,0.8136633663366336,4,0.6739830862413538,3,0.009623762376237521,0.1447920792079207,2727269,30547397,8.927991475018313,8444.277929067612,140.7379654844602,2.345632758074337,outputs/food101_l40s_atrous_budget_scaling_28671171/seed_21/000_lin_lr1e3_wd0p05/food101/linear_base/model.pt,/Users/haseebshafi/Documents/GitHub/Quadratic-Neurons-vs.-ReLU-How-Much-Nonlinearity-Is-Enough/Haseeb_trials/5_test/data_5seed_5/food101_l40s_atrous_budget_scaling_28671171/seed_21/217_l_all_r8_h1_lr3em4_wd0p0/food101/lora_dw/all_rank_8/metrics.json
food101_l40s_8q8l2f_multiseed_28650685,21,food101,301_f_lr1e4_wd0p01,301,Full fine-tune,full_finetune,all,full,full,0.0001,0.01,25,0.026456326647461836,0.9918547854785479,0.7325305597209695,0.8627722772277228,0.9921584158415842,24,0.8664158415841584,3,0.4650863383241219,3,0.003643564356435647,0.12908250825082512,27897797,27897797,100.0,6066.527724504471,101.10879540840784,1.6851465901401308,,/Users/haseebshafi/Documents/GitHub/Quadratic-Neurons-vs.-ReLU-How-Much-Nonlinearity-Is-Enough/Haseeb_trials/5_test/data_5seed_5/food101_l40s_8q8l2f_multiseed_28650685/seed_21/301_f_lr1e4_wd0p01/food101/full_finetune/metrics.json
food101_l40s_8q8l2f_multiseed_28650685,21,food101,302_f_lr3e5_wd0p05,302,Full fine-tune,full_finetune,all,full,full,3e-05,0.05,25,0.022966773528900773,0.9943102310231023,0.7007368540567632,0.8623762376237624,0.9943102310231023,25,0.8628514851485148,24,0.49623940964264446,6,0.00047524752475247567,0.13193399339933998,27897797,27897797,100.0,6072.350648880005,101.20584414800008,1.6867640691333348,,/Users/haseebshafi/Documents/GitHub/Quadratic-Neurons-vs.-ReLU-How-Much-Nonlinearity-Is-Enough/Haseeb_trials/5_test/data_5seed_5/food101_l40s_8q8l2f_multiseed_28650685/seed_21/302_f_lr3e5_wd0p05/food101/full_finetune/metrics.json
food101_l40s_8q8l2f_multiseed_28650684,102,food101,000_lin_lr1e3_wd0p05,000,Linear frozen-head baseline,linear_base,none,none,head_only,0.001,0.05,30,0.7371759219122405,0.802046204620462,0.7733788843863081,0.7824158415841584,0.802046204620462,30,0.7865742574257426,21,0.7637930628096703,25,0.004158415841584162,0.01963036303630361,77669,27897797,0.2784054956023947,4347.3228878974915,72.4553814649582,1.2075896910826365,,/Users/haseebshafi/Documents/GitHub/Quadratic-Neurons-vs.-ReLU-How-Much-Nonlinearity-Is-Enough/Haseeb_trials/5_test/data_5seed_5/food101_l40s_8q8l2f_multiseed_28650684/seed_102/000_lin_lr1e3_wd0p05/food101/linear_base/metrics.json
food101_l40s_atrous_budget_scaling_28671170,102,food101,000_lin_lr1e3_wd0p05,000,Linear frozen-head baseline,linear_base,none,none,head_only,0.001,0.05,30,0.7371759219122405,0.802046204620462,0.7733788843863081,0.7824158415841584,0.802046204620462,30,0.7865742574257426,21,0.7637930628096703,25,0.004158415841584162,0.01963036303630361,77669,27897797,0.2784054956023947,5491.446866035461,91.52411443392435,1.5254019072320726,,/Users/haseebshafi/Documents/GitHub/Quadratic-Neurons-vs.-ReLU-How-Much-Nonlinearity-Is-Enough/Haseeb_trials/5_test/data_5seed_5/food101_l40s_atrous_budget_scaling_28671170/seed_102/000_lin_lr1e3_wd0p05/food101/linear_base/metrics.json
food101_l40s_8q8l2f_multiseed_28650684,102,food101,109_q_all_r2_h1_lr1em4_wd0p0_k3d3,109,Quadratic depthwise adapter,quad_dw,all,2,yes,0.0001,0.0,16,0.5895373883987024,0.8383894389438944,0.7041566200610435,0.8015445544554456,0.8383894389438944,16,0.8022970297029703,14,0.7041566200610435,16,0.0007524752475247531,0.036844884488448804,316133,28136261,1.1235785735709518,4835.576905965805,80.59294843276342,1.3432158072127236,outputs/food101_l40s_8q8l2f_multiseed_28650684/seed_102/000_lin_lr1e3_wd0p05/food101/linear_base/model.pt,/Users/haseebshafi/Documents/GitHub/Quadratic-Neurons-vs.-ReLU-How-Much-Nonlinearity-Is-Enough/Haseeb_trials/5_test/data_5seed_5/food101_l40s_8q8l2f_multiseed_28650684/seed_102/109_q_all_r2_h1_lr1em4_wd0p0_k3d3/food101/quad_dw/all_rank_2/quad_k3_d3/metrics.json
food101_l40s_8q8l2f_multiseed_28650684,102,food101,110_q_all_r2_h1_lr3em4_wd0p0_k3d3,110,Quadratic depthwise adapter,quad_dw,all,2,yes,0.0003,0.0,16,0.5093266815588419,0.8592871287128713,0.6973439324114582,0.8077227722772278,0.8592871287128713,16,0.8078415841584159,14,0.6957539651181438,13,0.00011881188118811892,0.0515643564356435,316133,28136261,1.1235785735709518,4832.902492046356,80.54837486743926,1.342472914457321,outputs/food101_l40s_8q8l2f_multiseed_28650684/seed_102/000_lin_lr1e3_wd0p05/food101/linear_base/model.pt,/Users/haseebshafi/Documents/GitHub/Quadratic-Neurons-vs.-ReLU-How-Much-Nonlinearity-Is-Enough/Haseeb_trials/5_test/data_5seed_5/food101_l40s_8q8l2f_multiseed_28650684/seed_102/110_q_all_r2_h1_lr3em4_wd0p0_k3d3/food101/quad_dw/all_rank_2/quad_k3_d3/metrics.json
food101_l40s_8q8l2f_multiseed_28650684,102,food101,111_q_all_r2_h1_lr3em5_wd0p0_k3d3,111,Quadratic depthwise adapter,quad_dw,all,2,yes,3e-05,0.0,16,0.6326320404597241,0.8278283828382839,0.7129242868801154,0.8002376237623763,0.8279207920792079,15,0.8002376237623763,16,0.7129242868801154,16,0.0,0.027590759075907578,316133,28136261,1.1235785735709518,4834.435300588608,80.5739216764768,1.3428986946079466,outputs/food101_l40s_8q8l2f_multiseed_28650684/seed_102/000_lin_lr1e3_wd0p05/food101/linear_base/model.pt,/Users/haseebshafi/Documents/GitHub/Quadratic-Neurons-vs.-ReLU-How-Much-Nonlinearity-Is-Enough/Haseeb_trials/5_test/data_5seed_5/food101_l40s_8q8l2f_multiseed_28650684/seed_102/111_q_all_r2_h1_lr3em5_wd0p0_k3d3/food101/quad_dw/all_rank_2/quad_k3_d3/metrics.json
food101_l40s_8q8l2f_multiseed_28650684,102,food101,112_q_all_r1_h1_lr1em4_wd0p0_k3d3,112,Quadratic depthwise adapter,quad_dw,all,1,yes,0.0001,0.0,16,0.5876183428087643,0.8395115511551156,0.7037105265277447,0.8033663366336634,0.8395115511551156,16,0.8033663366336634,16,0.7037105265277447,16,0.0,0.03614521452145214,196901,28017029,0.7027904350600487,3345.4396526813507,55.757327544689176,0.9292887924114863,outputs/food101_l40s_8q8l2f_multiseed_28650684/seed_102/000_lin_lr1e3_wd0p05/food101/linear_base/model.pt,/Users/haseebshafi/Documents/GitHub/Quadratic-Neurons-vs.-ReLU-How-Much-Nonlinearity-Is-Enough/Haseeb_trials/5_test/data_5seed_5/food101_l40s_8q8l2f_multiseed_28650684/seed_102/112_q_all_r1_h1_lr1em4_wd0p0_k3d3/food101/quad_dw/all_rank_1/quad_k3_d3/metrics.json
food101_l40s_8q8l2f_multiseed_28650684,102,food101,113_q_all_r2_h1_lr1em4_wd0p05_k3d3,113,Quadratic depthwise adapter,quad_dw,all,2,yes,0.0001,0.05,16,0.5934436951423242,0.838006600660066,0.6996873767210705,0.8021782178217822,0.838006600660066,16,0.802970297029703,11,0.6996873767210705,16,0.0007920792079207928,0.03582838283828382,316133,28136261,1.1235785735709518,4829.391268253326,80.48985447088877,1.341497574514813,outputs/food101_l40s_8q8l2f_multiseed_28650684/seed_102/000_lin_lr1e3_wd0p05/food101/linear_base/model.pt,/Users/haseebshafi/Documents/GitHub/Quadratic-Neurons-vs.-ReLU-How-Much-Nonlinearity-Is-Enough/Haseeb_trials/5_test/data_5seed_5/food101_l40s_8q8l2f_multiseed_28650684/seed_102/113_q_all_r2_h1_lr1em4_wd0p05_k3d3/food101/quad_dw/all_rank_2/quad_k3_d3/metrics.json
food101_l40s_8q8l2f_multiseed_28650684,102,food101,114_q_all_r2_h1_lr1em4_wd0p0_k3d3_a0p5,114,Quadratic depthwise adapter,quad_dw,all,2,yes,0.0001,0.0,16,0.6007465564126622,0.8355379537953795,0.7073968235195274,0.8015445544554456,0.8355379537953795,16,0.8017821782178218,11,0.7073184386928483,15,0.00023762376237623783,0.03399339933993395,316133,28136261,1.1235785735709518,4824.890286207199,80.41483810345332,1.340247301724222,outputs/food101_l40s_8q8l2f_multiseed_28650684/seed_102/000_lin_lr1e3_wd0p05/food101/linear_base/model.pt,/Users/haseebshafi/Documents/GitHub/Quadratic-Neurons-vs.-ReLU-How-Much-Nonlinearity-Is-Enough/Haseeb_trials/5_test/data_5seed_5/food101_l40s_8q8l2f_multiseed_28650684/seed_102/114_q_all_r2_h1_lr1em4_wd0p0_k3d3_a0p5/food101/quad_dw/all_rank_2/alpha_0p5/quad_k3_d3/metrics.json
food101_l40s_8q8l2f_multiseed_28650684,102,food101,115_q_all_r2_h1_lr1em4_wd0p0_k3d3_a2p0,115,Quadratic depthwise adapter,quad_dw,all,2,yes,0.0001,0.0,16,0.5756756703310674,0.8426138613861386,0.7001110724293359,0.8032871287128713,0.8426138613861386,16,0.8043960396039604,15,0.7001110724293359,16,0.00110891089108911,0.03932673267326725,316133,28136261,1.1235785735709518,4832.137029647827,80.53561716079712,1.3422602860132853,outputs/food101_l40s_8q8l2f_multiseed_28650684/seed_102/000_lin_lr1e3_wd0p05/food101/linear_base/model.pt,/Users/haseebshafi/Documents/GitHub/Quadratic-Neurons-vs.-ReLU-How-Much-Nonlinearity-Is-Enough/Haseeb_trials/5_test/data_5seed_5/food101_l40s_8q8l2f_multiseed_28650684/seed_102/115_q_all_r2_h1_lr1em4_wd0p0_k3d3_a2p0/food101/quad_dw/all_rank_2/alpha_2p0/quad_k3_d3/metrics.json
food101_l40s_8q8l2f_multiseed_28650684,102,food101,116_q_ls_r2_h1_lr1em4_wd0p0_k3d3,116,Quadratic depthwise adapter,quad_dw,last_stage,2,yes,0.0001,0.0,16,0.6386503593205619,0.8274059405940594,0.748257390971231,0.7923564356435644,0.8274059405940594,16,0.7934257425742575,10,0.7441377687949945,7,0.0010693069306930703,0.03504950495049497,160613,27980741,0.5740126753612422,2324.738413333893,38.74564022223155,0.6457606703705258,outputs/food101_l40s_8q8l2f_multiseed_28650684/seed_102/000_lin_lr1e3_wd0p05/food101/linear_base/model.pt,/Users/haseebshafi/Documents/GitHub/Quadratic-Neurons-vs.-ReLU-How-Much-Nonlinearity-Is-Enough/Haseeb_trials/5_test/data_5seed_5/food101_l40s_8q8l2f_multiseed_28650684/seed_102/116_q_ls_r2_h1_lr1em4_wd0p0_k3d3/food101/quad_dw/last_stage_rank_2/quad_k3_d3/metrics.json
food101_l40s_atrous_budget_scaling_28671170,102,food101,117_q_all_r4_h1_lr1em4_wd0p0_k3d3,117,Quadratic depthwise adapter,quad_dw,all,4,yes,0.0001,0.0,16,0.5887571065795697,0.8388910891089109,0.7037750725037981,0.8030099009900991,0.8388910891089109,16,0.8031683168316832,15,0.7037750725037981,16,0.00015841584158415856,0.0358811881188118,554597,28374725,1.9545458149814667,5387.935366153717,89.79892276922861,1.4966487128204768,outputs/food101_l40s_atrous_budget_scaling_28671170/seed_102/000_lin_lr1e3_wd0p05/food101/linear_base/model.pt,/Users/haseebshafi/Documents/GitHub/Quadratic-Neurons-vs.-ReLU-How-Much-Nonlinearity-Is-Enough/Haseeb_trials/5_test/data_5seed_5/food101_l40s_atrous_budget_scaling_28671170/seed_102/117_q_all_r4_h1_lr1em4_wd0p0_k3d3/food101/quad_dw/all_rank_4/quad_k3_d3/metrics.json
food101_l40s_atrous_budget_scaling_28671170,102,food101,118_q_all_r4_h1_lr3em4_wd0p0_k3d3,118,Quadratic depthwise adapter,quad_dw,all,4,yes,0.0003,0.0,16,0.5087297921149251,0.859023102310231,0.6975244535927725,0.8082772277227723,0.859023102310231,16,0.8085940594059406,14,0.6946655680023798,12,0.0003168316831683171,0.05074587458745872,554597,28374725,1.9545458149814667,5407.779873132706,90.12966455221176,1.502161075870196,outputs/food101_l40s_atrous_budget_scaling_28671170/seed_102/000_lin_lr1e3_wd0p05/food101/linear_base/model.pt,/Users/haseebshafi/Documents/GitHub/Quadratic-Neurons-vs.-ReLU-How-Much-Nonlinearity-Is-Enough/Haseeb_trials/5_test/data_5seed_5/food101_l40s_atrous_budget_scaling_28671170/seed_102/118_q_all_r4_h1_lr3em4_wd0p0_k3d3/food101/quad_dw/all_rank_4/quad_k3_d3/metrics.json
food101_l40s_atrous_budget_scaling_28671170,102,food101,119_q_all_r8_h1_lr1em4_wd0p0_k3d3,119,Quadratic depthwise adapter,quad_dw,all,8,yes,0.0001,0.0,16,0.5901694066036652,0.8393795379537954,0.703043325443079,0.8031287128712872,0.8393795379537954,16,0.8031287128712872,16,0.703043325443079,16,0.0,0.03625082508250821,1031525,28851653,3.5752717530603877,13448.603500127792,224.14339166879654,3.7357231944799425,outputs/food101_l40s_atrous_budget_scaling_28671170/seed_102/000_lin_lr1e3_wd0p05/food101/linear_base/model.pt,/Users/haseebshafi/Documents/GitHub/Quadratic-Neurons-vs.-ReLU-How-Much-Nonlinearity-Is-Enough/Haseeb_trials/5_test/data_5seed_5/food101_l40s_atrous_budget_scaling_28671170/seed_102/119_q_all_r8_h1_lr1em4_wd0p0_k3d3/food101/quad_dw/all_rank_8/quad_k3_d3/metrics.json
food101_l40s_atrous_budget_scaling_28671170,102,food101,120_q_all_r8_h1_lr3em4_wd0p0_k3d3,120,Quadratic depthwise adapter,quad_dw,all,8,yes,0.0003,0.0,16,0.5093555151660843,0.858046204620462,0.6974494447283226,0.8068910891089109,0.858046204620462,16,0.8084752475247525,14,0.6949373405617062,12,0.0015841584158415856,0.05115511551155105,1031525,28851653,3.5752717530603877,13449.592094659805,224.15986824433008,3.735997804072168,outputs/food101_l40s_atrous_budget_scaling_28671170/seed_102/000_lin_lr1e3_wd0p05/food101/linear_base/model.pt,/Users/haseebshafi/Documents/GitHub/Quadratic-Neurons-vs.-ReLU-How-Much-Nonlinearity-Is-Enough/Haseeb_trials/5_test/data_5seed_5/food101_l40s_atrous_budget_scaling_28671170/seed_102/120_q_all_r8_h1_lr3em4_wd0p0_k3d3/food101/quad_dw/all_rank_8/quad_k3_d3/metrics.json
food101_l40s_8q8l2f_multiseed_28650684,102,food101,209_l_all_r2_h1_lr1em4_wd0p0,209,LoRA depthwise adapter,lora_dw,all,2,yes,0.0001,0.0,16,0.48471699780992944,0.8677491749174917,0.6732057250490283,0.8141386138613861,0.8677491749174917,16,0.8141386138613861,16,0.6729228838859218,14,0.0,0.05361056105610562,740069,28560197,2.59126013731628,5503.940172433853,91.73233620723089,1.5288722701205149,outputs/food101_l40s_8q8l2f_multiseed_28650684/seed_102/000_lin_lr1e3_wd0p05/food101/linear_base/model.pt,/Users/haseebshafi/Documents/GitHub/Quadratic-Neurons-vs.-ReLU-How-Much-Nonlinearity-Is-Enough/Haseeb_trials/5_test/data_5seed_5/food101_l40s_8q8l2f_multiseed_28650684/seed_102/209_l_all_r2_h1_lr1em4_wd0p0/food101/lora_dw/all_rank_2/metrics.json
food101_l40s_8q8l2f_multiseed_28650684,102,food101,210_l_all_r2_h1_lr3em4_wd0p0,210,LoRA depthwise adapter,lora_dw,all,2,yes,0.0003,0.0,16,0.2866066331190638,0.9253333333333333,0.7209710048708585,0.8102178217821783,0.9253333333333333,16,0.8136633663366336,11,0.6735171966245859,6,0.0034455445544553376,0.11511551155115507,740069,28560197,2.59126013731628,5493.816517829895,91.56360863049825,1.5260601438416375,outputs/food101_l40s_8q8l2f_multiseed_28650684/seed_102/000_lin_lr1e3_wd0p05/food101/linear_base/model.pt,/Users/haseebshafi/Documents/GitHub/Quadratic-Neurons-vs.-ReLU-How-Much-Nonlinearity-Is-Enough/Haseeb_trials/5_test/data_5seed_5/food101_l40s_8q8l2f_multiseed_28650684/seed_102/210_l_all_r2_h1_lr3em4_wd0p0/food101/lora_dw/all_rank_2/metrics.json
food101_l40s_8q8l2f_multiseed_28650684,102,food101,211_l_all_r1_h1_lr1em4_wd0p0,211,LoRA depthwise adapter,lora_dw,all,1,yes,0.0001,0.0,16,0.5204162897992842,0.8573993399339934,0.674671346836751,0.8118019801980199,0.8573993399339934,16,0.8122772277227723,15,0.674671346836751,16,0.00047524752475247567,0.045597359735973564,408869,28228997,1.4484007348897305,3727.9205269813538,62.13200878302256,1.0355334797170428,outputs/food101_l40s_8q8l2f_multiseed_28650684/seed_102/000_lin_lr1e3_wd0p05/food101/linear_base/model.pt,/Users/haseebshafi/Documents/GitHub/Quadratic-Neurons-vs.-ReLU-How-Much-Nonlinearity-Is-Enough/Haseeb_trials/5_test/data_5seed_5/food101_l40s_8q8l2f_multiseed_28650684/seed_102/211_l_all_r1_h1_lr1em4_wd0p0/food101/lora_dw/all_rank_1/metrics.json
food101_l40s_8q8l2f_multiseed_28650684,102,food101,212_l_all_r2_h1_lr1em4_wd0p05,212,LoRA depthwise adapter,lora_dw,all,2,yes,0.0001,0.05,16,0.48994231707821584,0.8665214521452145,0.6670635961117131,0.8145346534653465,0.8665214521452145,16,0.8145346534653465,16,0.6670635961117131,16,0.0,0.051986798679867996,740069,28560197,2.59126013731628,5506.4178857803345,91.77363142967224,1.5295605238278707,outputs/food101_l40s_8q8l2f_multiseed_28650684/seed_102/000_lin_lr1e3_wd0p05/food101/linear_base/model.pt,/Users/haseebshafi/Documents/GitHub/Quadratic-Neurons-vs.-ReLU-How-Much-Nonlinearity-Is-Enough/Haseeb_trials/5_test/data_5seed_5/food101_l40s_8q8l2f_multiseed_28650684/seed_102/212_l_all_r2_h1_lr1em4_wd0p05/food101/lora_dw/all_rank_2/metrics.json
food101_l40s_8q8l2f_multiseed_28650684,102,food101,213_l_ls_r2_h1_lr1em4_wd0p0,213,LoRA depthwise adapter,lora_dw,last_stage,2,yes,0.0001,0.0,16,0.6011711318949268,0.8356963696369637,0.7441798162956049,0.7948910891089109,0.8356963696369637,16,0.7948910891089109,16,0.7439611182000377,10,0.0,0.04080528052805277,308069,28128197,1.0952319482119668,2346.6692836284637,39.11115472714106,0.6518525787856844,outputs/food101_l40s_8q8l2f_multiseed_28650684/seed_102/000_lin_lr1e3_wd0p05/food101/linear_base/model.pt,/Users/haseebshafi/Documents/GitHub/Quadratic-Neurons-vs.-ReLU-How-Much-Nonlinearity-Is-Enough/Haseeb_trials/5_test/data_5seed_5/food101_l40s_8q8l2f_multiseed_28650684/seed_102/213_l_ls_r2_h1_lr1em4_wd0p0/food101/lora_dw/last_stage_rank_2/metrics.json
food101_l40s_atrous_budget_scaling_28671170,102,food101,214_l_all_r4_h1_lr1em4_wd0p0,214,LoRA depthwise adapter,lora_dw,all,4,yes,0.0001,0.0,16,0.4386055139078952,0.8811353135313531,0.673446077042287,0.8159207920792079,0.8811353135313531,16,0.816039603960396,14,0.6701908114546596,11,0.00011881188118811892,0.06521452145214524,1402469,29222597,4.799262023152836,6004.39391875267,100.07323197921117,1.6678871996535196,outputs/food101_l40s_atrous_budget_scaling_28671170/seed_102/000_lin_lr1e3_wd0p05/food101/linear_base/model.pt,/Users/haseebshafi/Documents/GitHub/Quadratic-Neurons-vs.-ReLU-How-Much-Nonlinearity-Is-Enough/Haseeb_trials/5_test/data_5seed_5/food101_l40s_atrous_budget_scaling_28671170/seed_102/214_l_all_r4_h1_lr1em4_wd0p0/food101/lora_dw/all_rank_4/metrics.json
food101_l40s_atrous_budget_scaling_28671170,102,food101,215_l_all_r4_h1_lr3em4_wd0p0,215,LoRA depthwise adapter,lora_dw,all,4,yes,0.0003,0.0,16,0.23628776134909577,0.9397887788778878,0.7417396937195617,0.8087920792079208,0.9397887788778878,16,0.8153267326732673,5,0.6710646199896784,4,0.0065346534653464294,0.13099669966996697,1402469,29222597,4.799262023152836,6013.36971616745,100.22282860279083,1.6703804767131805,outputs/food101_l40s_atrous_budget_scaling_28671170/seed_102/000_lin_lr1e3_wd0p05/food101/linear_base/model.pt,/Users/haseebshafi/Documents/GitHub/Quadratic-Neurons-vs.-ReLU-How-Much-Nonlinearity-Is-Enough/Haseeb_trials/5_test/data_5seed_5/food101_l40s_atrous_budget_scaling_28671170/seed_102/215_l_all_r4_h1_lr3em4_wd0p0/food101/lora_dw/all_rank_4/metrics.json
food101_l40s_atrous_budget_scaling_28671170,102,food101,216_l_all_r8_h1_lr1em4_wd0p0,216,LoRA depthwise adapter,lora_dw,all,8,yes,0.0001,0.0,16,0.383263916734815,0.8971749174917492,0.6861145530596818,0.8129108910891089,0.8971749174917492,16,0.8154851485148514,13,0.6709954357218034,9,0.0025742574257425765,0.0842640264026403,2727269,30547397,8.927991475018313,8477.40990447998,141.29016507466633,2.3548360845777725,outputs/food101_l40s_atrous_budget_scaling_28671170/seed_102/000_lin_lr1e3_wd0p05/food101/linear_base/model.pt,/Users/haseebshafi/Documents/GitHub/Quadratic-Neurons-vs.-ReLU-How-Much-Nonlinearity-Is-Enough/Haseeb_trials/5_test/data_5seed_5/food101_l40s_atrous_budget_scaling_28671170/seed_102/216_l_all_r8_h1_lr1em4_wd0p0/food101/lora_dw/all_rank_8/metrics.json
food101_l40s_atrous_budget_scaling_28671170,102,food101,217_l_all_r8_h1_lr3em4_wd0p0,217,LoRA depthwise adapter,lora_dw,all,8,yes,0.0003,0.0,16,0.2006740309137716,0.9489108910891089,0.7693367455029252,0.8036039603960397,0.9489108910891089,16,0.8126732673267326,5,0.6713456970110978,3,0.009069306930692966,0.14530693069306921,2727269,30547397,8.927991475018313,8443.232406139374,140.7205401023229,2.345342335038715,outputs/food101_l40s_atrous_budget_scaling_28671170/seed_102/000_lin_lr1e3_wd0p05/food101/linear_base/model.pt,/Users/haseebshafi/Documents/GitHub/Quadratic-Neurons-vs.-ReLU-How-Much-Nonlinearity-Is-Enough/Haseeb_trials/5_test/data_5seed_5/food101_l40s_atrous_budget_scaling_28671170/seed_102/217_l_all_r8_h1_lr3em4_wd0p0/food101/lora_dw/all_rank_8/metrics.json
food101_l40s_8q8l2f_multiseed_28650684,102,food101,301_f_lr1e4_wd0p01,301,Full fine-tune,full_finetune,all,full,full,0.0001,0.01,25,0.027734364708363025,0.9914191419141914,0.7308619563838993,0.8588514851485148,0.9921980198019802,23,0.8654257425742574,3,0.4783938923324689,3,0.00657425742574258,0.1325676567656766,27897797,27897797,100.0,6229.827754497528,103.8304625749588,1.7305077095826467,,/Users/haseebshafi/Documents/GitHub/Quadratic-Neurons-vs.-ReLU-How-Much-Nonlinearity-Is-Enough/Haseeb_trials/5_test/data_5seed_5/food101_l40s_8q8l2f_multiseed_28650684/seed_102/301_f_lr1e4_wd0p01/food101/full_finetune/metrics.json
food101_l40s_8q8l2f_multiseed_28650684,102,food101,302_f_lr3e5_wd0p05,302,Full fine-tune,full_finetune,all,full,full,3e-05,0.05,25,0.021233035903362552,0.9943762376237624,0.7254688798981618,0.8603168316831683,0.9943762376237624,25,0.8603168316831683,25,0.5060953980341997,6,0.0,0.13405940594059407,27897797,27897797,100.0,6214.035226106644,103.56725376844406,1.7261208961407344,,/Users/haseebshafi/Documents/GitHub/Quadratic-Neurons-vs.-ReLU-How-Much-Nonlinearity-Is-Enough/Haseeb_trials/5_test/data_5seed_5/food101_l40s_8q8l2f_multiseed_28650684/seed_102/302_f_lr3e5_wd0p05/food101/full_finetune/metrics.json
food101_a100_convnext_base_compact_28689102,420,food101,000_lin_lr1e3_wd0p05,000,Linear frozen-head baseline,linear_base,none,none,head_only,0.001,0.05,30,0.9091380169855879,0.7577953795379538,0.7553035723610532,0.7907326732673268,0.7577953795379538,30,0.7951683168316832,26,0.7499154789518602,16,0.00443564356435644,-0.03293729372937293,103525,87669989,0.11808487850956614,7902.256424665451,131.70427374442417,2.1950712290737364,,/Users/haseebshafi/Documents/GitHub/Quadratic-Neurons-vs.-ReLU-How-Much-Nonlinearity-Is-Enough/Haseeb_trials/5_test/data_5seed_5/food101_a100_convnext_base_compact_28689102/seed_420/000_lin_lr1e3_wd0p05/food101/linear_base/metrics.json
food101_l40s_8q8l2f_multiseed_28650688,420,food101,000_lin_lr1e3_wd0p05,000,Linear frozen-head baseline,linear_base,none,none,head_only,0.001,0.05,30,0.7355350355472502,0.8015709570957096,0.7665200123243993,0.7878019801980198,0.8017293729372937,28,0.7881584158415842,18,0.7642788673131773,26,0.00035643564356435675,0.013768976897689744,77669,27897797,0.2784054956023947,4431.258963346481,73.85431605577469,1.2309052675962449,,/Users/haseebshafi/Documents/GitHub/Quadratic-Neurons-vs.-ReLU-How-Much-Nonlinearity-Is-Enough/Haseeb_trials/5_test/data_5seed_5/food101_l40s_8q8l2f_multiseed_28650688/seed_420/000_lin_lr1e3_wd0p05/food101/linear_base/metrics.json
food101_a100_convnext_base_compact_28689102,420,food101,101_q_all_r2_h1_lr1em4_wd0p0,101,Quadratic depthwise adapter,quad_dw,all,2,yes,0.0001,0.0,16,0.4304432762727486,0.8810825082508251,0.5582179555482794,0.8446336633663366,0.8810825082508251,16,0.8452277227722772,13,0.5552637650521696,13,0.0005940594059405946,0.03644884488448852,3640933,91207397,3.9919273214210906,26749.680848121643,445.8280141353607,7.430466902256012,outputs_convnext_base/food101_a100_convnext_base_compact_28689102/seed_420/000_lin_lr1e3_wd0p05/food101/linear_base/model.pt,/Users/haseebshafi/Documents/GitHub/Quadratic-Neurons-vs.-ReLU-How-Much-Nonlinearity-Is-Enough/Haseeb_trials/5_test/data_5seed_5/food101_a100_convnext_base_compact_28689102/seed_420/101_q_all_r2_h1_lr1em4_wd0p0/food101/quad_dw/all_rank_2/metrics.json
food101_a100_convnext_base_compact_28689102,420,food101,102_q_all_r2_h1_lr3em4_wd0p0_k3d3,102,Quadratic depthwise adapter,quad_dw,all,2,yes,0.0003,0.0,16,0.4805056129572022,0.8641452145214521,0.5667580867297728,0.8449504950495049,0.8641452145214521,16,0.846970297029703,15,0.5628111025270784,15,0.0020198019801980216,0.019194719471947175,753253,88319717,0.8528707128896258,13519.730901956558,225.32884836594263,3.755480806099044,outputs_convnext_base/food101_a100_convnext_base_compact_28689102/seed_420/000_lin_lr1e3_wd0p05/food101/linear_base/model.pt,/Users/haseebshafi/Documents/GitHub/Quadratic-Neurons-vs.-ReLU-How-Much-Nonlinearity-Is-Enough/Haseeb_trials/5_test/data_5seed_5/food101_a100_convnext_base_compact_28689102/seed_420/102_q_all_r2_h1_lr3em4_wd0p0_k3d3/food101/quad_dw/all_rank_2/quad_k3_d3/metrics.json
food101_a100_convnext_base_compact_28689102,420,food101,103_q_all_r1_h1_lr1em4_wd0p0_k3d3,103,Quadratic depthwise adapter,quad_dw,all,1,yes,0.0001,0.0,16,0.5953069361822046,0.8363960396039604,0.5791436356080484,0.8381386138613861,0.8363960396039604,16,0.8381386138613861,16,0.5791436356080484,16,0.0,-0.0017425742574257441,428389,87994853,0.4868341560841064,10542.03028011322,175.70050466855366,2.9283417444758943,outputs_convnext_base/food101_a100_convnext_base_compact_28689102/seed_420/000_lin_lr1e3_wd0p05/food101/linear_base/model.pt,/Users/haseebshafi/Documents/GitHub/Quadratic-Neurons-vs.-ReLU-How-Much-Nonlinearity-Is-Enough/Haseeb_trials/5_test/data_5seed_5/food101_a100_convnext_base_compact_28689102/seed_420/103_q_all_r1_h1_lr1em4_wd0p0_k3d3/food101/quad_dw/all_rank_1/quad_k3_d3/metrics.json
food101_l40s_8q8l2f_multiseed_28650688,420,food101,109_q_all_r2_h1_lr1em4_wd0p0_k3d3,109,Quadratic depthwise adapter,quad_dw,all,2,yes,0.0001,0.0,16,0.5879774400117768,0.8394191419141914,0.704196986885354,0.8045148514851486,0.8394191419141914,16,0.8045148514851486,16,0.704196986885354,16,0.0,0.03490429042904286,316133,28136261,1.1235785735709518,4787.83939242363,79.7973232070605,1.3299553867843417,outputs/food101_l40s_8q8l2f_multiseed_28650688/seed_420/000_lin_lr1e3_wd0p05/food101/linear_base/model.pt,/Users/haseebshafi/Documents/GitHub/Quadratic-Neurons-vs.-ReLU-How-Much-Nonlinearity-Is-Enough/Haseeb_trials/5_test/data_5seed_5/food101_l40s_8q8l2f_multiseed_28650688/seed_420/109_q_all_r2_h1_lr1em4_wd0p0_k3d3/food101/quad_dw/all_rank_2/quad_k3_d3/metrics.json
food101_l40s_8q8l2f_multiseed_28650688,420,food101,110_q_all_r2_h1_lr3em4_wd0p0_k3d3,110,Quadratic depthwise adapter,quad_dw,all,2,yes,0.0003,0.0,16,0.50816784507528,0.8586006600660065,0.699177947204892,0.8087128712871288,0.8586006600660065,16,0.8087128712871288,16,0.6968992639650212,13,0.0,0.049887788778877784,316133,28136261,1.1235785735709518,4795.852491378784,79.93087485631307,1.3321812476052177,outputs/food101_l40s_8q8l2f_multiseed_28650688/seed_420/000_lin_lr1e3_wd0p05/food101/linear_base/model.pt,/Users/haseebshafi/Documents/GitHub/Quadratic-Neurons-vs.-ReLU-How-Much-Nonlinearity-Is-Enough/Haseeb_trials/5_test/data_5seed_5/food101_l40s_8q8l2f_multiseed_28650688/seed_420/110_q_all_r2_h1_lr3em4_wd0p0_k3d3/food101/quad_dw/all_rank_2/quad_k3_d3/metrics.json
food101_l40s_8q8l2f_multiseed_28650688,420,food101,111_q_all_r2_h1_lr3em5_wd0p0_k3d3,111,Quadratic depthwise adapter,quad_dw,all,2,yes,3e-05,0.0,16,0.6315552773609413,0.827947194719472,0.7131647115131416,0.8005544554455446,0.8289504950495049,15,0.8008712871287129,15,0.7131647115131416,16,0.0003168316831683171,0.02739273927392738,316133,28136261,1.1235785735709518,4788.63939332962,79.81065655549368,1.3301776092582278,outputs/food101_l40s_8q8l2f_multiseed_28650688/seed_420/000_lin_lr1e3_wd0p05/food101/linear_base/model.pt,/Users/haseebshafi/Documents/GitHub/Quadratic-Neurons-vs.-ReLU-How-Much-Nonlinearity-Is-Enough/Haseeb_trials/5_test/data_5seed_5/food101_l40s_8q8l2f_multiseed_28650688/seed_420/111_q_all_r2_h1_lr3em5_wd0p0_k3d3/food101/quad_dw/all_rank_2/quad_k3_d3/metrics.json
food101_l40s_8q8l2f_multiseed_28650688,420,food101,112_q_all_r1_h1_lr1em4_wd0p0_k3d3,112,Quadratic depthwise adapter,quad_dw,all,1,yes,0.0001,0.0,16,0.5917407356960939,0.837980198019802,0.7053595851789607,0.8038415841584159,0.838059405940594,15,0.8038415841584159,16,0.7052844706691138,15,0.0,0.03413861386138606,196901,28017029,0.7027904350600487,3311.6598284244537,55.1943304737409,0.9199055078956816,outputs/food101_l40s_8q8l2f_multiseed_28650688/seed_420/000_lin_lr1e3_wd0p05/food101/linear_base/model.pt,/Users/haseebshafi/Documents/GitHub/Quadratic-Neurons-vs.-ReLU-How-Much-Nonlinearity-Is-Enough/Haseeb_trials/5_test/data_5seed_5/food101_l40s_8q8l2f_multiseed_28650688/seed_420/112_q_all_r1_h1_lr1em4_wd0p0_k3d3/food101/quad_dw/all_rank_1/quad_k3_d3/metrics.json
food101_l40s_8q8l2f_multiseed_28650688,420,food101,113_q_all_r2_h1_lr1em4_wd0p05_k3d3,113,Quadratic depthwise adapter,quad_dw,all,2,yes,0.0001,0.05,16,0.5919123360607097,0.838917491749175,0.699602423913408,0.8051485148514852,0.838917491749175,16,0.8051485148514852,16,0.699602423913408,16,0.0,0.03376897689768976,316133,28136261,1.1235785735709518,4783.6770713329315,79.72795118888219,1.32879918648137,outputs/food101_l40s_8q8l2f_multiseed_28650688/seed_420/000_lin_lr1e3_wd0p05/food101/linear_base/model.pt,/Users/haseebshafi/Documents/GitHub/Quadratic-Neurons-vs.-ReLU-How-Much-Nonlinearity-Is-Enough/Haseeb_trials/5_test/data_5seed_5/food101_l40s_8q8l2f_multiseed_28650688/seed_420/113_q_all_r2_h1_lr1em4_wd0p05_k3d3/food101/quad_dw/all_rank_2/quad_k3_d3/metrics.json
food101_l40s_8q8l2f_multiseed_28650688,420,food101,114_q_all_r2_h1_lr1em4_wd0p0_k3d3_a0p5,114,Quadratic depthwise adapter,quad_dw,all,2,yes,0.0001,0.0,16,0.5991739962266224,0.8368184818481849,0.7071394716867125,0.8036435643564357,0.8368184818481849,16,0.8036435643564357,16,0.7071394716867125,16,0.0,0.03317491749174917,316133,28136261,1.1235785735709518,4785.127756357193,79.75212927261988,1.3292021545436647,outputs/food101_l40s_8q8l2f_multiseed_28650688/seed_420/000_lin_lr1e3_wd0p05/food101/linear_base/model.pt,/Users/haseebshafi/Documents/GitHub/Quadratic-Neurons-vs.-ReLU-How-Much-Nonlinearity-Is-Enough/Haseeb_trials/5_test/data_5seed_5/food101_l40s_8q8l2f_multiseed_28650688/seed_420/114_q_all_r2_h1_lr1em4_wd0p0_k3d3_a0p5/food101/quad_dw/all_rank_2/alpha_0p5/quad_k3_d3/metrics.json
food101_l40s_8q8l2f_multiseed_28650688,420,food101,115_q_all_r2_h1_lr1em4_wd0p0_k3d3_a2p0,115,Quadratic depthwise adapter,quad_dw,all,2,yes,0.0001,0.0,16,0.5742668805484331,0.842957095709571,0.700231018146666,0.8060198019801981,0.842957095709571,16,0.8060198019801981,16,0.700231018146666,16,0.0,0.03693729372937293,316133,28136261,1.1235785735709518,4779.595433473587,79.65992389122646,1.3276653981871076,outputs/food101_l40s_8q8l2f_multiseed_28650688/seed_420/000_lin_lr1e3_wd0p05/food101/linear_base/model.pt,/Users/haseebshafi/Documents/GitHub/Quadratic-Neurons-vs.-ReLU-How-Much-Nonlinearity-Is-Enough/Haseeb_trials/5_test/data_5seed_5/food101_l40s_8q8l2f_multiseed_28650688/seed_420/115_q_all_r2_h1_lr1em4_wd0p0_k3d3_a2p0/food101/quad_dw/all_rank_2/alpha_2p0/quad_k3_d3/metrics.json
food101_l40s_8q8l2f_multiseed_28650688,420,food101,116_q_ls_r2_h1_lr1em4_wd0p0_k3d3,116,Quadratic depthwise adapter,quad_dw,last_stage,2,yes,0.0001,0.0,16,0.6416056198444303,0.8266006600660066,0.7476030502154095,0.7930297029702971,0.8266006600660066,16,0.7930297029702971,16,0.7438113092951255,8,0.0,0.033570957095709564,160613,27980741,0.5740126753612422,2315.9505734443665,38.59917622407277,0.6433196037345462,outputs/food101_l40s_8q8l2f_multiseed_28650688/seed_420/000_lin_lr1e3_wd0p05/food101/linear_base/model.pt,/Users/haseebshafi/Documents/GitHub/Quadratic-Neurons-vs.-ReLU-How-Much-Nonlinearity-Is-Enough/Haseeb_trials/5_test/data_5seed_5/food101_l40s_8q8l2f_multiseed_28650688/seed_420/116_q_ls_r2_h1_lr1em4_wd0p0_k3d3/food101/quad_dw/last_stage_rank_2/quad_k3_d3/metrics.json
food101_a100_convnext_base_compact_28689102,420,food101,201_l_all_r2_h1_lr1em4_wd0p0,201,LoRA depthwise adapter,lora_dw,all,2,yes,0.0001,0.0,16,0.43850314070240104,0.8772277227722772,0.5445880906127462,0.8488316831683168,0.8772277227722772,16,0.8488316831683168,16,0.5429962968043655,15,0.0,0.02839603960396042,1908325,89474789,2.1328074883753008,17400.210237264633,290.0035039544106,4.833391732573509,outputs_convnext_base/food101_a100_convnext_base_compact_28689102/seed_420/000_lin_lr1e3_wd0p05/food101/linear_base/model.pt,/Users/haseebshafi/Documents/GitHub/Quadratic-Neurons-vs.-ReLU-How-Much-Nonlinearity-Is-Enough/Haseeb_trials/5_test/data_5seed_5/food101_a100_convnext_base_compact_28689102/seed_420/201_l_all_r2_h1_lr1em4_wd0p0/food101/lora_dw/all_rank_2/metrics.json
food101_a100_convnext_base_compact_28689102,420,food101,202_l_all_r2_h1_lr3em4_wd0p0,202,LoRA depthwise adapter,lora_dw,all,2,yes,0.0003,0.0,16,0.22812882701285406,0.9356039603960397,0.6141580514656404,0.8413069306930693,0.9356039603960397,16,0.8477623762376237,5,0.5470869290668784,6,0.006455445544554461,0.09429702970297038,1908325,89474789,2.1328074883753008,17404.585251569748,290.0764208594958,4.83460701432493,outputs_convnext_base/food101_a100_convnext_base_compact_28689102/seed_420/000_lin_lr1e3_wd0p05/food101/linear_base/model.pt,/Users/haseebshafi/Documents/GitHub/Quadratic-Neurons-vs.-ReLU-How-Much-Nonlinearity-Is-Enough/Haseeb_trials/5_test/data_5seed_5/food101_a100_convnext_base_compact_28689102/seed_420/202_l_all_r2_h1_lr3em4_wd0p0/food101/lora_dw/all_rank_2/metrics.json
food101_a100_convnext_base_compact_28689102,420,food101,203_l_all_r2_h1_lr1em4_wd0p05,203,LoRA depthwise adapter,lora_dw,all,2,yes,0.0001,0.05,16,0.4609295139917643,0.8738085808580858,0.5302613542051513,0.8497029702970297,0.8738085808580858,16,0.8499405940594059,14,0.5302171999342569,15,0.00023762376237623783,0.02410561056105609,1908325,89474789,2.1328074883753008,17392.953353405,289.8825558900833,4.831375931501388,outputs_convnext_base/food101_a100_convnext_base_compact_28689102/seed_420/000_lin_lr1e3_wd0p05/food101/linear_base/model.pt,/Users/haseebshafi/Documents/GitHub/Quadratic-Neurons-vs.-ReLU-How-Much-Nonlinearity-Is-Enough/Haseeb_trials/5_test/data_5seed_5/food101_a100_convnext_base_compact_28689102/seed_420/203_l_all_r2_h1_lr1em4_wd0p05/food101/lora_dw/all_rank_2/metrics.json
food101_l40s_8q8l2f_multiseed_28650688,420,food101,209_l_all_r2_h1_lr1em4_wd0p0,209,LoRA depthwise adapter,lora_dw,all,2,yes,0.0001,0.0,16,0.4864497083335033,0.867023102310231,0.673543131042235,0.8146138613861386,0.867023102310231,16,0.815089108910891,15,0.6726665146138409,15,0.00047524752475247567,0.05240924092409249,740069,28560197,2.59126013731628,5426.365116119385,90.43941860198974,1.5073236433664958,outputs/food101_l40s_8q8l2f_multiseed_28650688/seed_420/000_lin_lr1e3_wd0p05/food101/linear_base/model.pt,/Users/haseebshafi/Documents/GitHub/Quadratic-Neurons-vs.-ReLU-How-Much-Nonlinearity-Is-Enough/Haseeb_trials/5_test/data_5seed_5/food101_l40s_8q8l2f_multiseed_28650688/seed_420/209_l_all_r2_h1_lr1em4_wd0p0/food101/lora_dw/all_rank_2/metrics.json
food101_l40s_8q8l2f_multiseed_28650688,420,food101,210_l_all_r2_h1_lr3em4_wd0p0,210,LoRA depthwise adapter,lora_dw,all,2,yes,0.0003,0.0,16,0.28613637943590436,0.9247260726072607,0.7228290776521853,0.8095841584158416,0.9247260726072607,16,0.8149306930693069,6,0.6730021066901707,5,0.00534653465346524,0.11514191419141906,740069,28560197,2.59126013731628,5427.533684968948,90.45889474948247,1.5076482458247078,outputs/food101_l40s_8q8l2f_multiseed_28650688/seed_420/000_lin_lr1e3_wd0p05/food101/linear_base/model.pt,/Users/haseebshafi/Documents/GitHub/Quadratic-Neurons-vs.-ReLU-How-Much-Nonlinearity-Is-Enough/Haseeb_trials/5_test/data_5seed_5/food101_l40s_8q8l2f_multiseed_28650688/seed_420/210_l_all_r2_h1_lr3em4_wd0p0/food101/lora_dw/all_rank_2/metrics.json
food101_l40s_8q8l2f_multiseed_28650688,420,food101,211_l_all_r1_h1_lr1em4_wd0p0,211,LoRA depthwise adapter,lora_dw,all,1,yes,0.0001,0.0,16,0.5202322641142918,0.8575841584158416,0.6766758789544058,0.8133069306930693,0.8575841584158416,16,0.8133069306930693,16,0.6766758789544058,16,0.0,0.04427722772277232,408869,28228997,1.4484007348897305,3696.66765999794,61.611127666632335,1.0268521277772056,outputs/food101_l40s_8q8l2f_multiseed_28650688/seed_420/000_lin_lr1e3_wd0p05/food101/linear_base/model.pt,/Users/haseebshafi/Documents/GitHub/Quadratic-Neurons-vs.-ReLU-How-Much-Nonlinearity-Is-Enough/Haseeb_trials/5_test/data_5seed_5/food101_l40s_8q8l2f_multiseed_28650688/seed_420/211_l_all_r1_h1_lr1em4_wd0p0/food101/lora_dw/all_rank_1/metrics.json
food101_l40s_8q8l2f_multiseed_28650688,420,food101,212_l_all_r2_h1_lr1em4_wd0p05,212,LoRA depthwise adapter,lora_dw,all,2,yes,0.0001,0.05,16,0.49172849365114774,0.8661650165016501,0.6673553370367182,0.8152871287128712,0.8661650165016501,16,0.8153267326732673,15,0.6670268249086815,15,3.960396039603964e-05,0.050877887788778886,740069,28560197,2.59126013731628,5421.39707326889,90.35661788781483,1.5059436314635806,outputs/food101_l40s_8q8l2f_multiseed_28650688/seed_420/000_lin_lr1e3_wd0p05/food101/linear_base/model.pt,/Users/haseebshafi/Documents/GitHub/Quadratic-Neurons-vs.-ReLU-How-Much-Nonlinearity-Is-Enough/Haseeb_trials/5_test/data_5seed_5/food101_l40s_8q8l2f_multiseed_28650688/seed_420/212_l_all_r2_h1_lr1em4_wd0p05/food101/lora_dw/all_rank_2/metrics.json
food101_l40s_8q8l2f_multiseed_28650688,420,food101,213_l_ls_r2_h1_lr1em4_wd0p0,213,LoRA depthwise adapter,lora_dw,last_stage,2,yes,0.0001,0.0,16,0.5979664336997683,0.8355379537953795,0.7428406201518408,0.7956831683168317,0.8355379537953795,16,0.7956831683168317,16,0.7423142681617548,13,0.0,0.039854785478547816,308069,28128197,1.0952319482119668,2338.387020587921,38.973117009798685,0.6495519501633115,outputs/food101_l40s_8q8l2f_multiseed_28650688/seed_420/000_lin_lr1e3_wd0p05/food101/linear_base/model.pt,/Users/haseebshafi/Documents/GitHub/Quadratic-Neurons-vs.-ReLU-How-Much-Nonlinearity-Is-Enough/Haseeb_trials/5_test/data_5seed_5/food101_l40s_8q8l2f_multiseed_28650688/seed_420/213_l_ls_r2_h1_lr1em4_wd0p0/food101/lora_dw/last_stage_rank_2/metrics.json
food101_a100_convnext_base_compact_28689102,420,food101,301_f_lr1e4_wd0p01,301,Full fine-tune,full_finetune,all,full,full,0.0001,0.01,25,0.04021713767297222,0.9873003300330033,0.8348484659400495,0.8577821782178218,0.9873003300330033,25,0.8768316831683168,4,0.46399702423695927,3,0.019049504950495066,0.12951815181518156,87669989,87669989,100.0,19345.393091917038,322.4232181986173,5.3737203033102885,,/Users/haseebshafi/Documents/GitHub/Quadratic-Neurons-vs.-ReLU-How-Much-Nonlinearity-Is-Enough/Haseeb_trials/5_test/data_5seed_5/food101_a100_convnext_base_compact_28689102/seed_420/301_f_lr1e4_wd0p01/food101/full_finetune/metrics.json
food101_l40s_8q8l2f_multiseed_28650688,420,food101,301_f_lr1e4_wd0p01,301,Full fine-tune,full_finetune,all,full,full,0.0001,0.01,25,0.028213395614582713,0.9914455445544554,0.7294183401491973,0.8624158415841584,0.9923432343234323,23,0.8668118811881188,3,0.48413378088191006,3,0.0043960396039604,0.12902970297029703,27897797,27897797,100.0,6114.07201051712,101.90120017528534,1.6983533362547556,,/Users/haseebshafi/Documents/GitHub/Quadratic-Neurons-vs.-ReLU-How-Much-Nonlinearity-Is-Enough/Haseeb_trials/5_test/data_5seed_5/food101_l40s_8q8l2f_multiseed_28650688/seed_420/301_f_lr1e4_wd0p01/food101/full_finetune/metrics.json
food101_l40s_8q8l2f_multiseed_28650688,420,food101,302_f_lr3e5_wd0p05,302,Full fine-tune,full_finetune,all,full,full,3e-05,0.05,25,0.02258944059165791,0.9944818481848184,0.7174957048016609,0.8602376237623762,0.9944818481848184,25,0.8636831683168317,9,0.5018643222280068,6,0.0034455445544554486,0.13424422442244222,27897797,27897797,100.0,6121.373720407486,102.02289534012476,1.7003815890020795,,/Users/haseebshafi/Documents/GitHub/Quadratic-Neurons-vs.-ReLU-How-Much-Nonlinearity-Is-Enough/Haseeb_trials/5_test/data_5seed_5/food101_l40s_8q8l2f_multiseed_28650688/seed_420/302_f_lr3e5_wd0p05/food101/full_finetune/metrics.json
