run_name,method,adapter_variant,stage,scope,rank,train_head,lr,weight_decay,trainable_params,trainable_pct,mean_acc,std_acc,num_seeds,mean_acc_pct,std_acc_pct,trainable_params_k
000_lin_lr1e3_wd0p05,Linear frozen-head baseline,Linear base,linear_base,none,none,head_only,0.001,0.05,77669,0.2784054956023947,0.7854879773691655,0.003791160149748569,7,78.54879773691655,0.3791160149748569,77.669
101_q_ls_r1_h0_lr1em3_wd0p0,Quadratic depthwise adapter,Quadratic non-atrous,quad_dw,last_stage,1,no,0.001,0.0,225792,0.8028562784074251,0.7914613861386138,0.0017227950379741584,5,79.14613861386138,0.17227950379741583,225.792
102_q_ls_r2_h0_lr1em3_wd0p0,Quadratic depthwise adapter,Quadratic non-atrous,quad_dw,last_stage,2,no,0.001,0.0,451584,1.592923669127026,0.7920633663366337,0.0017122931548803812,5,79.20633663366337,0.17122931548803813,451.584
103_q_ls_r4_h0_lr1em3_wd0p0,Quadratic depthwise adapter,Quadratic non-atrous,quad_dw,last_stage,4,no,0.001,0.0,903168,3.1358949257429396,0.7918653465346536,0.0011616186577735534,5,79.18653465346536,0.11616186577735534,903.168
104_q_ls_r2_h0_lr3em4_wd0p01,Quadratic depthwise adapter,Quadratic non-atrous,quad_dw,last_stage,2,no,0.0003,0.01,451584,1.592923669127026,0.7915089108910891,0.0010819204715115708,5,79.15089108910891,0.10819204715115707,451.584
105_q_all_r1_h0_lr3em4_wd0p0,Quadratic depthwise adapter,Quadratic non-atrous,quad_dw,all,1,no,0.0003,0.0,649152,2.273980312221807,0.8086653465346535,0.0009272741077242602,5,80.86653465346535,0.09272741077242602,649.152
106_q_all_r2_h0_lr3em4_wd0p0,Quadratic depthwise adapter,Quadratic non-atrous,quad_dw,all,2,no,0.0003,0.0,1298304,4.446840350360481,0.8090930693069307,0.0011098298879372664,5,80.90930693069308,0.11098298879372663,1298.304
107_q_ls_r2_h1_lr1em4_wd0p0,Quadratic depthwise adapter,Quadratic non-atrous,quad_dw,last_stage,2,yes,0.0001,0.0,529253,1.86689437769382,0.7939168316831683,0.0013440863006262023,5,79.39168316831683,0.13440863006262022,529.253
108_q_all_r2_h1_lr1em4_wd0p0,Quadratic depthwise adapter,Quadratic non-atrous,quad_dw,all,2,yes,0.0001,0.0,1375973,4.7128655980468075,0.8124673267326733,0.0026184178707509024,5,81.24673267326733,0.26184178707509026,1375.973
109_q_all_r2_h1_lr1em4_wd0p0_k3d3,Quadratic depthwise adapter,Quadratic atrous/dilated k3d3,quad_dw,all,2,yes,0.0001,0.0,316133,1.1235785735709518,0.8032475247524754,0.0011423528793549282,3,80.32475247524754,0.11423528793549281,316.133
110_q_all_r2_h1_lr3em4_wd0p0_k3d3,Quadratic depthwise adapter,Quadratic atrous/dilated k3d3,quad_dw,all,2,yes,0.0003,0.0,316133,1.1235785735709518,0.8080660066006601,0.0005688834700043791,3,80.80660066006601,0.05688834700043791,316.133
111_q_all_r2_h1_lr3em5_wd0p0_k3d3,Quadratic depthwise adapter,Quadratic atrous/dilated k3d3,quad_dw,all,2,yes,3e-05,0.0,316133,1.1235785735709518,0.8003828382838284,0.0004344417867169621,3,80.03828382838284,0.04344417867169621,316.133
112_q_all_r1_h1_lr1em4_wd0p0_k3d3,Quadratic depthwise adapter,Quadratic atrous/dilated k3d3,quad_dw,all,1,yes,0.0001,0.0,196901,0.7027904350600487,0.8035247524752475,0.00027438428634754514,3,80.35247524752475,0.027438428634754514,196.901
113_q_all_r2_h1_lr1em4_wd0p05_k3d3,Quadratic depthwise adapter,Quadratic atrous/dilated k3d3,quad_dw,all,2,yes,0.0001,0.05,316133,1.1235785735709518,0.8038679867986799,0.0011384560085729743,3,80.386798679868,0.11384560085729743,316.133
114_q_all_r2_h1_lr1em4_wd0p0_k3d3_a0p5,Quadratic depthwise adapter,Quadratic atrous/dilated k3d3,quad_dw,all,2,yes,0.0001,0.0,316133,1.1235785735709518,0.8026270627062706,0.0009424855048766345,3,80.26270627062706,0.09424855048766345,316.133
115_q_all_r2_h1_lr1em4_wd0p0_k3d3_a2p0,Quadratic depthwise adapter,Quadratic atrous/dilated k3d3,quad_dw,all,2,yes,0.0001,0.0,316133,1.1235785735709518,0.8050693069306932,0.0008466359733240384,3,80.50693069306932,0.08466359733240385,316.133
116_q_ls_r2_h1_lr1em4_wd0p0_k3d3,Quadratic depthwise adapter,Quadratic atrous/dilated k3d3,quad_dw,last_stage,2,yes,0.0001,0.0,160613,0.5740126753612422,0.7931881188118813,0.000209564460282344,3,79.31881188118814,0.0209564460282344,160.613
201_l_ls_r1_h0_lr1em3_wd0p0,LoRA depthwise adapter,LoRA,lora_dw,last_stage,1,no,0.001,0.0,115200,0.4112376837080302,0.794819801980198,0.0009251573307595591,5,79.4819801980198,0.09251573307595591,115.2
202_l_ls_r2_h0_lr1em3_wd0p0,LoRA depthwise adapter,LoRA,lora_dw,last_stage,2,no,0.001,0.0,230400,0.8191068912095575,0.795081188118812,0.001328770416779297,5,79.5081188118812,0.1328770416779297,230.4
203_l_ls_r4_h0_lr1em3_wd0p0,LoRA depthwise adapter,LoRA,lora_dw,last_stage,4,no,0.001,0.0,460800,1.6249040811151554,0.794629702970297,0.0016258378428689658,5,79.4629702970297,0.16258378428689657,460.8
204_l_ls_r2_h0_lr3em4_wd0p01,LoRA depthwise adapter,LoRA,lora_dw,last_stage,2,no,0.0003,0.01,230400,0.8191068912095575,0.7948752475247526,0.0013894162098435808,5,79.48752475247525,0.13894162098435808,230.4
205_l_all_r1_h0_lr3em4_wd0p0,LoRA depthwise adapter,LoRA,lora_dw,all,1,no,0.0003,0.0,331200,1.1732616642383715,0.8129425742574258,0.0013252245011443782,5,81.29425742574257,0.13252245011443783,331.2
206_l_all_r2_h0_lr3em4_wd0p0,LoRA depthwise adapter,LoRA,lora_dw,all,2,no,0.0003,0.0,662400,2.319311733038816,0.8129742574257426,0.000734864264811686,5,81.29742574257426,0.0734864264811686,662.4
207_l_ls_r2_h1_lr1em4_wd0p0,LoRA depthwise adapter,LoRA,lora_dw,last_stage,2,yes,0.0001,0.0,308069,1.0952319482119668,0.7956118811881188,0.0015208642722138778,5,79.56118811881187,0.15208642722138777,308.069
208_l_all_r2_h1_lr1em4_wd0p0,LoRA depthwise adapter,LoRA,lora_dw,all,2,yes,0.0001,0.0,740069,2.59126013731628,0.8153584158415841,0.0028629308242808216,5,81.5358415841584,0.28629308242808216,740.069
209_l_all_r2_h1_lr1em4_wd0p0,LoRA depthwise adapter,LoRA,lora_dw,all,2,yes,0.0001,0.0,740069,2.59126013731628,0.8146270627062706,0.00047579726180698627,3,81.46270627062707,0.047579726180698625,740.069
210_l_all_r2_h1_lr3em4_wd0p0,LoRA depthwise adapter,LoRA,lora_dw,all,2,yes,0.0003,0.0,740069,2.59126013731628,0.8143234323432343,0.0006353113882780845,3,81.43234323432344,0.06353113882780845,740.069
211_l_all_r1_h1_lr1em4_wd0p0,LoRA depthwise adapter,LoRA,lora_dw,all,1,yes,0.0001,0.0,408869,1.4484007348897303,0.8125544554455445,0.0006591412664194555,3,81.25544554455445,0.06591412664194556,408.869
212_l_all_r2_h1_lr1em4_wd0p05,LoRA depthwise adapter,LoRA,lora_dw,all,2,yes,0.0001,0.05,740069,2.59126013731628,0.8149438943894389,0.00039669912082683105,3,81.4943894389439,0.039669912082683105,740.069
213_l_ls_r2_h1_lr1em4_wd0p0,LoRA depthwise adapter,LoRA,lora_dw,last_stage,2,yes,0.0001,0.0,308069,1.0952319482119668,0.7955511551155116,0.0006049604877829527,3,79.55511551155115,0.060496048778295265,308.069
301_f_lr1e4_wd0p01,Full fine-tune,Full fine-tune,full_finetune,all,full,full,0.0001,0.01,27897797,100.0,0.8640961810466761,0.0029024468024341932,7,86.4096181046676,0.2902446802434193,27897.797
302_f_lr3e5_wd0p05,Full fine-tune,Full fine-tune,full_finetune,all,full,full,3e-05,0.05,27897797,100.0,0.8635700141442716,0.0026700069173984566,7,86.35700141442716,0.26700069173984564,27897.797
